"""Ada penurunan kasus aktif setelah vaksinasi. Tidak hanya di Kota Tegal, tapi di Indonesia juga turun angkanya,"" kata Kepala Dinas Kesehatan Kota Tegal Sri Primawati Indraswari, Senin (15/2). #VaksinasiNasional #dinaskesehatan #kotategal",1
"""MUI Keluarkan Fatwa bahwa Vaksinasi Tak Batalkan Puasa"" Wakil Presiden KH. Ma'ruf Amin memastikan kembali vaksinasi Covid-19 yang dilaksanakan bulan Ramadhan tidak akan membatalkan puasa. Saya Siaaap Divaksin! Indonesia Bebas Covid-19.. Aamiin #VaksinasiNasional",1
"""SEMUA nantinya bisa terlindungi dan tidak terpapar oleh Covid, sehingga bisa beraktivitas seperti biasa"", harap Presiden RI Joko Widodo yang menyaksikan proses vaksinasi dan beramahtamah dengan mereka. #jokowi @jokowi #VaksinasiNasional #vaksinuntukkita",1
"#Healthies, @KemenkesRI memberikan kesempatan buat kamu para pendamping yang membawa 2 lansia bisa ikut divaksinasi juga lho. Tunggu apa lagi, yuk segera daftarkan lansia ke sentra-sentra vaksinasi terdekatmu ya. #Vaksinasi #VaksinasiNasional",1
"#PeringatanDiniJKT Batas Gaji beli rumah Dp Nol Rupiah DKI Jakarta 14 juta , rakyat Jakarta gaji berapa ? Sarapan Pagii Hujan Sikat Pengkhianat Negeri #VaksinasiNasional RT @CNNIndonesia: Anies Ubah Batas Gaji Beli Rumah DP Nol Rupiah Jadi Rp14 Juta",1
"#RekanASN dan Sahabat Muda, para pegawai Kementerian PANRB telah melakukan vaksinasi tahap pertama. Yuk, jadi bagian untuk #SukseskanVaksinasi! Tapi ingat, meski sudah divaksin, tetap disiplin terapkan 5M, ya! __ #KemenPANRB #VaksinasiNasional #VaksinAman",1
#Ritam98 üáÆüá© Tentang #Vaksinasi #Vaksin #Covid19 #VaksinasiNasional di #Indonesia  RT @kostumkomik:,1
#Ritam98 üáÆüá© Tentang #Vaksinasi #Vaksin #Covid19 #VaksinasiNasional di #Indonesia  RT @VIVAcoid: [VIDEO] Siti Fadilah Buka Suara Soal Vaksin Nusantara  #vlix,1
"#SobatParekraf, Pagi ini Presiden Joko Widodo bertolak menuju Provinsi Bali dalam rangka kunjungan kerja. #WonderfulIndonesia #EkonomiKreatif #VaksinasiNasional #BangkitBersamaKemenparekraf",1
"#TemanPemilih, dalam rangka mengikuti program pemerintah, Sekretariat Jenderal KPU RI siap menggelar vaksinasi. Ini rencana alurnya.. #KPUmelayani #VaksinasiNasional @KemenkesRI",1
#VaksinasiNasional #VaksinCovid19 Vaksinasi tahap 2 untuk Pegawai/Karyawan BPBAPS di Kab.Situbondo (25/3). @s_soebjakto @HartantoNono @kkpgoid @BudidayaKKP,1
#VaksinasiNasional bagi lansia aman dan efektif dalam mencegah penyebaran virus corona.,1
250 ribu orang sudah divaksinasi di Indonesia #VaksinasiNasional,1
3 langkah persiapan Vaksinasi Covid-19 #VaksinasiNasional #VaksinUntukIndonesia,1
5 Ribu Pegawai KAI Ikuti Program Vaksinasi Bersama BUMN @KAI121 @keretaapikita #Vaksin #Vaksinasi #VaksinasiNasional #BUMN #Corona #coronavirus #COVID19 #COVID„Éº19 #COVID__19 #Covid_19 #COVID #RakyatMerdeka #RMid,1
"Lebih dari 4,7 Juta Orang Telah Divaksin  #Vaksin #Covid19 #VaksinasiNasional #indoposco",1
7000 Pendidik Kemenag Jombang Divaksinasi Jelang Belajar Tatap Muka  #KemenagJombang #Kemenag #Jombang #JawaTimur #Jurnaljatim #Beritaonline #BeritaTerkini #VaksinasiNasional #Madrasah #Gurumadrasah #tenagapendidik #belajartatapmuka #PTM,1
"9 Negara Eropa tunda penggunaan vaksin AstraZeneca bgmn dgn Indonesia Presiden @jokowi yg telah impor vaksin tsb ? #AstraZeneca #IndonesiaMaju #IndonesiaBebasCovid #VaksinasiNasional @DPR_RI @DPDRI @KemenkesRI @satgascovid19id @SatgasCovid19 @Yusrilihza_Mhd @OfficialDPP @RRI RT @business: Europe‚Äôs problems with the AstraZeneca Covid-19 vaccine deepens, with at least nine countries suspending it over safety concerns that Germany and France say are unfounded",1
"Abaikan Prokes Usai Divaksin Kasus Covid-19 Bisa Meledak Kayak India, Memangnya Mau? #SatgasCovid19 #India #protokolkesehatan #Nasional #Vaksin #Vaksinasi #VaksinasiNasional #Corona #coronavirus #COVID19 #RakyatMerdeka #RMid",1
Abdi Dalem Keraton Yogyakarta Mulai Divaksin Covid-19  via @holopiscom @YogyakartaCity #VaksinasiNasional #Yogyakarta #holopiscom,1
Adapun penerima vaksin gotong royong di masa mendatang juga tidak dipungut biaya karena sudah ditanggung perusahaan-perusahaan yang akan turut serta. #VaksinasiNasional,1
"akhirnya kolaborasi BUMN, Pemda DKI dan Kemenkes bisa percepat vaksinasi. #vaksinasinasional #BUMNuntuknegeri",1
Aku sudah vaksin !!!!! #VaksinUntukKita #LindungDiriLindungSemua #VaksinDemiPulihkanRI #VaksinasiNasional,1
"Aku sudah vaksin, kamu kapan? #VaksinCOVID19 #VaksinasiNasional #VaksinUntukSemuaBangsa",1
Alhamdulillah Sudah menerima Vaksin tahap I #VaksinasiCovid19 #VaksinasiNasional,1
"Alhamdulillah,tenaga didik siap untuk pembelajaran tatap muka #Vaksinasi #VaksinasiNasional",1
Aman dan halal #VaksinasiNasional,1
Apa cerita lepas update jadi camni @JKJAVMY ? Sejak malam semalam sangkut. @Khairykj @KKMPutrajaya #VaksinCOVID19 #VaksinasiNasional,1
Apa itu vaksin?  #VaksinasiNasional #vaksinuntukkita #vaksinasi #Vaksin #VaksinCovid19 #virus #Corona #CoronavirusIndia #COVID19 #Covid_19 #CovidVaccine #COVID19AB #sehat #pandemic #daring #Online #OnlineClasses #puasa #Ramadan2021 #ramadanmubarak #Jakarta,1
APARAT TNI TURUN LANGSUNG AMANKAN PELAKSANAAN IBADAH PASKAH. #Korem163Wirasatya #tni_ad #kodam_ix_udayana #puspen_tni #penrem163wirasatya #pendamixudayana #puspenad #humasbangli #infobali #3M_3T #cucitangan #pakaimasker #jagajarak #bersamalawancorona #VaksinasiNasional,1
Ayo dukung program vaksinasi untuk mempercepat penanganan Covid-19 #VaksinasiNasional,1
"Ayo mari kita vaksin, agar keluarga anda bisa memutuskan rantai penyebaran covid-19 #VaksinasiNasional #VaksinSelamatkanBangsa",1
Ayo terapkan 5M yaaa #VaksinasiNasional #vaksinsuksesakhiripandemi #StayHome,1
Ayo terus terapkan prokes dan ikut program vaksinasi #VaksinasiNasional,1
Ayo Vaksin Dukung Program vaksinasi Nasional #VaksinasiNasional,1
Ayo vaksin. Demi kembali normalnya indonesia #VaksinasiNasional,1
"Ayuh daftar utk mak ayah nenek atuk kalian. Banyak slot lagi kosong tuh. #VaksinasiNasional @JKJAVMY RT @Yayaios: Many slots available still for JOHOR for above 60s. Every hour i take a look dkat website, sbb nak tgk dah penuh belum. Come on guys, tolong daftarkan. Please help your elderly relatives or neighbours to register if they have not receive their vaccination dates yet.",1
"Bagi warga DKI Jakarta yang sudah berusia 60 tahun, silahkan mendaftar disini  untuk mengikuti vaksinasi. Program tersebut tidak dipungut biaya dan terbuka untuk umum. Cc : @infojakarta @BPBDJakarta @hrdbacot @ezash #VaksinasiNasional #VaksinCovid19",1
Banyak maklumat palsu tersebar mengenai vaksin. Ini maklumat terkini! #vaksin #sarawak #vaksinsarawak #VaksinasiNasional #vaksinasi,1
"Begini Respon Mantan Menteri BUMN, Usai Disuntik Vaksin Nusantara  @KemenkesRI @BPOM_RI @jokowi #Vaksin #VaksinasiNasional #vaksinuntukkita #vaksinnusantara",1
Bio Farma Siap Datangkan 15 Juta Dosis Sinopharm untuk Vaksinasi Gotong Royong @purnama_rijal @AriefMunajad @biofarmaID @KemenBUMN @erickthohir @SuaraPemerintah #VaksinasiNasional #vaksinasinyamanbumn #suarapemerintah  via @SuaraPemerintah,1
"Bravo Polri @DivHumas_Polri Sim Online Digitalisasi Indonesia @BekrafID @DigitalTrends @detikcom @SonoraFM92 #VaksinasiNasional RT @1trenggalek: APLIKASI SIM ONLINE PERPANJANGAN DELIVERY , Perpanjangan SIM yang dapat dilakukan tanpa harus datang ke tempat pelayanan SIM dan SIM yang sudah diterbitkan akan diantar (delivery) ke alamat pemohon melalui jasa pengiriman yang sudah bekerja sama dengan Ditlantas Polda Jatim.",1
"Buah Kerjasama Multilateral Indonesia 1,1 Juta Dosis Vaksin AstraZeneca Tiba Di Tanah Air Pemerintah kembali mendatangkan vaksin COVID-19 untuk keperluan pelaksanaan vaksinasi bagi masyarakat Indonesia. #VaksinasiNasional #VaksinPulihkanNKRI",1
"BUMN bukin sentra vaksin, kalian dan orang tua kalian yg udah diatas 60 tahun bisa di vaksin disisni. #vaksinasinasional #BUMNuntuknegeri #IndonesiaKita",1
Corona B117 memiliki kemampuan sebar cepat! mari kita selalu patuhi prokes #VaksinasiNasional #TetapDirumahAja #Vaksinasi #mutasibaru #Waspada Jangan Mudik,1
"covid hilang negara kembali tumbuh ekonominya seperti dulu, mari kita dukung program vaksinasiTetap Waspada #VaksinasiNasional #TetapDirumahAja #Vaksinasi #mutasibaru #Waspada Jangan Mudik",1
"Covid mutasi B117 sudah menyebar luas keseluruh dunia, dan juga sudah masuk ke Indonesia. Hal ini terjadi karena B117 sangat mudah menyebar! mari kita senantiasa patuhi prokes! #VaksinasiNasional #TetapDirumahAja #Vaksinasi #mutasibaru #Waspada Jangan Mudik",1
Dampak positif vaksin COVID-19 #vaksin #VaksinasiNasional #newnormal,1
"Dengan Vaksin, indonesia diharapkan bisa pulih kembali terutama dari ancaman Covid B117 yang cepat menyebarTetap Waspada #VaksinasiNasional #TetapDirumahAja #Vaksinasi #mutasibaru #Waspada Jangan Mudik",1
Dengan vaksinasi maka tubuh kita akan membentuk imun untuk melindungi diri kita dari virus covid 19 #VaksinasiGotongRoyongPercepatPemulihanEkonomi #VaksinasiCovid19 #VaksinasiNasional #vaksingotongroyongpekerja,1
"Di dalam ketaatan harusnya tidak ada ketakutan... Warga negara yang baik, taat aturan.... All is well #VaksinasiNasional",1
Diperlukan sanksi yang tegas agar meningkatkan kepatuhan masyarakat dalam menerapkan protokol kesehatan. #VaksinasiNasional,1
"Direktur Jenderal WHO, Tedros Adhanom Ghebreyesus, mengapresiasi Indonesia terkait upaya penanganan pandemi Covid-19 #VaksinasiNasional",1
Disiplin prokes setelah di vaksin yaa #VaksinasiNasional,1
"Disiplin prokes, 3T dan vaksinasi massal memerlukan dukungan seluruh komponen bangsa #VaksinasiNasional",1
Dokter Spesialis Penyakit Dalam/Vaksinolog ‚Å¶@dirgarambe‚Å© : Orang2 yg divaksinasi memiliki risiko 3 kali lebih rendah mengalami Covid-19 dibandingkan dgn orang2 yg tidak divaksinasi... #VaksinasiNasional üíâ #DisiplinProkes üò∑,1
Dukung pelaksanaan vaksinasi Nasional dan patuhi 5M #vaksin #VaksinasiNasional #newnormal,1
Dukung pemerintah kembangkan vaksin merah putih. #VaksinasiNasional,1
Dukung program vaksinasi nasional untuk mempercepat tercapainya herd immunity #VaksinasiNasional,1
Dukung program vaksinasi untuk percepat penanganan Covid-19 #VaksinasiNasional,1
"Dukung Vaksin Mandiri, JK: Ringankan Beban Pemerintah #VaksinasiNasional",1
dukung vaksinasi #VaksinasiNasional,1
Dukung vaksinasi nasional terapkan 5M! . #AyoVaksinTetap5M #Vaksin #VaksinasiNasional #indonesiasehat #Indonesia,1
Dukung Vaksinasi Ptoyokol Kesehatan Untuk Mempercepat Penanganan Covid-19 Dan Pemulihan Ekonomi Nasional #VaksinasiNasional #likeforlikes,1
Efek samping vaksin AstraZeneca di Sulut termasuk ringan. Ini jenis efek sampingnya. @KemenkesRI #VaksinasiNasional #VaksinUntukKita klik:,1
Epidemiolog menghimbau masyarakat agar tak perlu panik terkait isu vaksin astrazeneca. #VaksinasiNasional,1
"Gotong Royong Sukseskan Program Vaksinasi Massal Pemerintah Sektor pariwisata Bali bersama Pemda kolaborasi sukseskan program vaksinasi massal secara gratis pada masyarakat, khususnya pelaku usaha pariwisata. Saya Siaaap Divaksin agar Indonesia Bebas Covid-19 #VaksinasiNasional",1
"Gubernur Papua Barat mengajak masyarakat untuk mendukung Program Vaksinasi Nasional, guna memutuskan rantai penyebaran Covid-19 menuju Papua Barat sehat dan bebas Covid-19. - - #indonesia #papuabarat #lawancovid19 #vaksinasinasional #dominggusmandacan #manokwari",1
"Halo, SobatKom! Ada info terbaru mengenai update vaksinasi Covid-19, nih. Per Tanggal 18 April 2021, pukul 18.00, dari total sasaran vaksinasi Covid-19 berjumlah 181.554.465 penduduk Indonesia, terdapat 10.828.733 penduduk yang sudah melakukan vaksin tahap 1 #VaksinasiNasional",1
Hari ini (18/3) Festival Smart Vaksinasi dihadiri langsung bapak Presiden RI @jokowi ..event ini adalah penanda awal dimulainya program smart vaksinasi di kota Makassar @DP_dannypomanto @DiskominfoMKS #VaksinasiNasional #makassarrevover,1
"harus banget nih sentra vaksin di perluas ke semua daerah selain jakarta, tolong yuk BMUN dibuat lg di tempat lain. #vaksinasinasional #BUMNuntuknegeri #IndonesiaKita",1
HEHEHEHE INILAH PENTINGNYA MEMILIKI IBU MEGAWATI SEBAGAI BACK UP LUü•∞ü•∞ü•∞üëäüèªüëäüèª #SalamBanteng #VaksinasiNasional RT @retikkulum: I HATE NEEMA ANJRITT PARIS HONGKONG 745 GUAAAAAAA SEKETIKA HILANG GARA GARA ZURICH,1
Hukum Suntik Vaksin COVID-19 Ketika Puasa  #Puasa #VaksinasiNasional #Covid19,1
Ikhtiar Presiden Jokowi untuk tetap memberlakukan hukum yang adil dan tidak tebang pilih #Jokowi #VaksinasiNasional,1
Indonesia bangkit dengan vaksin lawan covid #VaksinasiNasional #TetapDirumahAja #Vaksinasi #mutasibaru #Waspada Jangan Mudik,1
Indonesia mengajukan usul untuk menjadi pusat vaksin di Asia Tenggara dalam konteks kerjasama vaksin jangka panjang #VaksinasiNasional,1
Info #VaksinasiCovid19 di #Indonesia  #VaksinasiNasional #Vaksinasi #vaksinasiberdampakbaik #vaksinasinyamanbumn #vaksinasiwartawan #Vaksin #VaksinasiNasional #vaksinuntukkita #vaksincovid19 #vaksinuntukrakyatindonesia #vaksinpulihkannegeri #Sinovac,1
"Jaga diri, Jaga keluarga dengan Vaksin Covid-19 #VaksinasiNasional",1
Jaga orang tua kita dari sebaran virus dg Vaksinasi Covid-19 #VaksinasiNasional,1
Jangan lupa ikut gerakan Vaksinasi Covid-19 #VaksinasiNasional,1
Jangan lupa tetep menerapkan protokol kesehatan #VaksinasiNasional,1
Jangan lupa vaksin guys #ayovaksin #Vaksinasi #VaksinasiNasional,1
Jangan Persulit Vaksinasi Covid #VoxPopuli #Vaksin #VaksinasiNasional #Corona #coronavirus #COVID19 #COVID„Éº19 #COVID__19 #Covid_19 #COVID #RakyatMerdeka #RMid,1
"Jika pelaksanaan haji dibuka tahun ini oleh pemerintah Arab Saudi, semua calon haji wajib di vaksinasi #VaksinasiNasional #vaksinsuksesakhiripandemi",1
Jusuf Kalla: Vaksin Mandiri Membantu Mempercepat Program Vaksinasi Covid-19 #VaksinasiNasional,1
Kamar Dagang dan Industri Indonesia (Kadin) Provinsi Lampung mendorong seluruh perusahaan untuk mendaftar dalam program vaksinasi Gotong Royong. #kadin #kadinlampung #Vaksin #VaksinasiNasional #vaksingotongroyong #VaksinCOVID19 #lampostco,1
Karo Penmas Divisi Humas Polri Brigjen Rusdi Hartono menyampaikan sampai saat ini pihak Polri belum menemukan peredaran vaksin palsu di Indonesia. #VaksinasiNasional,1
Kebagian Vaksinasi di kantor BPS tahap pertama hari Sabtu 20 Maret 2021.. Alhamdulillah bisa kumpul2 üòÄ #vaksincovid19 #VaksinasiNasional,1
"Keberhasilan pengembangan vaksin merah putih dan vaksin nusantara, bukti Indonesia menuju kemandirian farmasi #VaksinasiNasional",1
Kemenkes Pastikan Vaksinasi Covid-19 Tetap Dilaksanakan Saat Ramadhan  via @holopiscom @KemenkesRI #VaksinasiNasional #vaksinuntukpulihkanri #holopiscom,1
Kementerian kesehatan dan pihak-pihak terkait telah berdiskusi dengan seksama untuk terus melaksanakan #VaksinasiNasional di bulan Ramadhan.,1
Kementerian Kesehatan RI mengungkapkan bahwa vaksinasi bisa dilakukan di bulan Ramadhan. Vaksinasi tidak membatalkan puasa dan dapat dilaksanakan pada malam hari. #Jakarta #VaksinasiNasional #Vaksin,1
keren sih ini udah ada ribuan lansia yg di vaksinasi di sentra vaksin. #vaksinasinasional #BUMNuntuknegeri #IndonesiaKita,1
Ketua DMI : Masjid Bakal Menjadi Tempat Vaksinasi Covid-19 Bulan Depan #VaksinasiNasional,1
kirakira sentra vaksin BUMN bakal hadir di mana lg yak? wkwkwk berasa nunggu audisi idol. #vaksinasinasional #BUMNuntuknegeri,1
Kita semua mendukung adanya vaksin agar Indonesia bisa pulih dari pandemi üí™üí™ . #AyoVaksinTetap5M #Vaksin #VaksinasiNasional #indonesiasehat #Indonesia,1
"kita tidak pernah tahu dimana saja lokasi covid, oleh karenanya mari kita dukung dan ikut program vaksinasi untuk Indonesia yang lebih sehat! #VaksinasiNasional #TetapDirumahAja #Vaksinasi #mutasibaru #Waspada Jangan Mudik",1
"Koordinator Komunikasi Publik KPCPEN Arya Sinulingga mengatakan, program vaksinasi gotong royong bakal dilakukan pada tanggal 17 Mei 2021. #vaksingotongroyong #VaksinasiNasional #covid19",1
Kru TV Kru Film Apakah tidak penting untuk didahulukan juga? #vaksinpulihkannegeri #VaksinasiNasional #VaksinMembawaDampakBaik #vaksincovid19,1
"Lansia membutuhkan waktu yang lebih lama untuk membentuk anti body dibanding usia produktif, itu sebabnya lansia perlu rentang waktu 28 hari untuk vaksinasi dosis kedua. @jokowi @KemenkesRI @KemenBUMN . #VaksinasiNasional",1
Lawan Covid-19 dengan mendukung program vaksinasi #VaksinasiNasional,1
presiden mengingatkan kegiatan vaksinasi tetap berjalan di daerah-daerah #vaksinuntuksemua #vaksinuntuklansia #VaksinasiPelayanPublik #covid19 #vaksinhalal #vaksin #vaksinasinasional,1
Sukseskan Program Pemerintah ! Petugas Rutan Tanjung Redeb Laksanakan Vaksinasi Untuk Memutus Penyebaran Covid-19 @divpas_kaltim @DITJEN_PAS @Kemenkumham_RI @kumhamkaltim #vaksincovid19 #VaksinasiNasional #vaksinuntuksemuabangsa #kumhampasti,1
Mari Kita Dukung Vaksinasi Nasional #VaksinasiNasional,1
Mari patuhi protokol kesehatan dan jangan lupa terapkan 5 m #VaksinasiNasional,1
"Mari peduli sesama, jangan egois, dukungi protokol kesehatan dan dukung vaksinasi untuk memerangi Covid B117! #VaksinasiNasional #TetapDirumahAja #Vaksinasi #mutasibaru #Waspada Jangan Mudik",1
Marilah kita terus menjaga dan melakukan ikhtiar bersama dalam menghilangkan pandemi ini melalui #VaksinasiNasional untuk membentuk kekebalan komunitas.,1
Mendagri : Program Vaksin Diharapkan Dapat Pulihkan Ekonomi Wisata di Bali #AyoVaksin #VaksinasiNasional,1
Mendapat kesempatan Vaksin C19 Ayo vaksin !! #VaksinasiNasional #vaksinasiberdampakbaik,1
Mendukung program vaksinasi #VaksinasiNasional,1
Menjaga protokol kesehatan untuk mencegah penyebaran covid-19 #VaksinAman #VaksinasiNasional,1
Menkes tegaskan vaksinasi secara mandiri tidak akan mengganggu proses #VaksinasiNasional,1
Menteri kabinet Presiden @jokowi #IndonesiaMaju terus bekerja keras mengejar program #VaksinasiNasional Mas Menteri Pendidikan Nadiem fokus agar tenaga pendidikan segera diprioritaskan untuk vaksinasi,1
Orang Dengan Komorbid Aman Divaksin Covid-19 #Vaksin #Vaksinasi #VaksinasiNasional #Nasional #SatgasCovid19 #ingatpesanibu #pakaimasker #jagajarak #cucitangan #Corona #coronavirus #COVID19 #COVID„Éº19 #COVID__19 #Covid_19 #COVID #RakyatMerdeka #RMid,1
"Pak Erick bikin sentra vaksinasi di senayan nih, buat lansia bisa daftarin kesana. #vaksinasinasional #BUMNuntuknegeri #IndonesiaKita",1
Pandemi virus Corona dibawa oleh manusia Oleh karena itu pergerakan manusia dalam jumlah besar seperti mudik berpotensi menambah penyebaran virus Ayo lawan covid-19 protokol kesehatan #vaksinasinasional,1
Patuhi protokol kesehatan dan vaksinasi merupakan kewajiban muslim #VaksinasiNasional,1
Pelaksanaan vaksinasi diyakini memberikan dampak positif #VaksinasiNasional,1
Pelaksanaan vaksinasi perlu dipercepat guna memutus mata rantai penularan covid 19 #VaksinasiNasional,1
Pemerintah bertekad untuk tetap memperhatikan kondisi umat islam yang tengah menjalankan puasa pada #VaksinasiNasional di bulan Ramadhan ini.,1
Pemerintah buka sentra pelayanan #VaksinasiNasional bagi lansia.,1
Pemerintah terus berupaya untuk mengembangkan dan melakukan pengadaan vaksin covid-19. #CegahCovid19 #Vaksin #VaksinasiNasional,1
"Pendaftaran CPNS Buka 31 Mei 2021, Simak Strategi Pemilihan Lowongannya  #pakaimasker #jagajarak #cucitangan #BerkahUntukSemua #VaksinasiNasional #IndonesiaBersinar #jagakesehatan #BUMNBangkit #bersamalawancorona #dirumahaja #cpns #IndonesiaMaju #cuacacerah",1
Penjelasan Efek Samping Vaksin Covid-19 pada Lansia dan Jadwal 14 April 2021 di Balikpapan  #Corona #Covid_19 #COVID19 #Balikpapan #Kalimantan #KalimantanTimur #Indonesia #coronavirus #VaksinUntukKita #VaksinasiNasional #vaksincorona #vaksinpulihkannegeri,1
Petugas Bandara Soekarno-Hatta Jalani Vaksinasi Anti Covid-19 -  #VaksinasiNasional #SOETTA @AngkasaPura_2,1
Petugas vaksin hari ini 1500 target vaksin #VaksinasiNasional,1
"posisi jkw jrlas, teu setju dgn usul mosok jbtan prsiden tiga periode #IndonesiaMaju #VaksinasiNasional",1
PPKM Mikro + Vaksinasi + 5M = Kunci Sukses Penanganan Covid-19 #VaksinDorongPemulihanRI #VaksinasiNasional,1
"Presiden Joko Widodo (Jokowi) meninjau vaksinasi massal di Dermaga Huseka‚Äôa Hitu, Kabupaten Maluku Tengah. Ia melihat proses vaksinasi berjalan lancar. #vaksinasi #jokowi #covid_19 #herdimmunity #VaksinasiNasional",1
Presiden Jokowi berikan instruksi percepat program Vaksinasi #VaksinasiNasional,1
Presiden Jokowi tegas menolak untuk diberlakukannya 3 periode masa jabatan karena bertentangan dengan konstitusi #Jokowi #VaksinasiNasional,1
Prioritas Vaksin Gotong Royong Akan Ditentukan Berdasarkan Zonasi. #VaksinasiNasional,1
Program Vaksinasi Covid-19 di Kabupaten Bekasi Tetap Berjalan Selama Bulan Suci Ramadan 1442 H/2021  #VaksinasiNasional #VaksinasiCovid19 #vaksinuntukkita #vaksinasi #Vaksin #vaksinasiCovid19KabupatenBekasi #VaksinUntukIndonesia #KabupatenBekasi #bekasi,1
"Program vaksinasi di Indonesia sukses, WHO apresiasi pemerintah Indonesia. #VaksinasiNasional",1
Puasa tak halangi pembentukan daya tahan Tubuh usai Vaksin #VaksinasiNasional #VaksinUntukRakyatIndonesia #vaksindorongpemulihanri,1
Pujian dari WHO untuk Indonesia dalam menangani Pandemi #NewNormal #VaksinasiNasional,1
Punya Riwayat Diabetes Guru di Sulteng Meninggal Usai Vaksin #COVID19 #VaksinasiNasional,1
Ribuan Tenaga Pendidik di Magetan Terima Vaksin Covid-19 #BeriaMagetan #VaksinasiNasional #VaksinCovid19 #TenagaPendidik,1
Sasaran vaksin untuk Lansia #VaksinasiNasional #dokkesPolri,1
"Saya Ravel, dan saya mendukung program vaksinasi nasional serta sudah vaksinasi lengkap covid19, #VaksinasiNasional #AmanDanHalal",1
"Sebanyak 3,852 juta dosis vaksin siap pakai AstraZeneca dari Covax Facility kembali tiba di Indonesia pada Senin, 26 April 2021. Kedatangan vaksin ini merupakan tahap kesembilan kedatangan vaksin sejak 6 Desember 2020 #COVID19 #Vaksin #VaksinasiNasional",1
Sebanyak 300 Orang Guru di Padaherang Jalani Vaksinasi Tahap 2  via @PoskotaJ #VaksinasiNasional #info #BeritaTerkini #covid19 #poskotajabar,1
"Sebanyak lebih dari 12,5 juta dosis #VaksinasiNasional telah disuntikan kepada masyarakat Indonesia.",1
"Segini Harga Vaksin Covid-19 dari Inggris, Ternyata Lebih Murah Ketimbang Vaksin Sinovac Asal China  #Vaksin #VaksinCOVID19 #Sinovac #AstraZeneca #VaksinasiNasional",1
"Selama Ramadan, Vaksinasi Jalan Terus  #Ramadan #VaksinasiNasional #Sinovac #mojokerto",1
"sekarang tinggal daftar dan lo bisa vaksin di sentra vaksin BUMN, keren sih ini. #vaksinasinasional #BUMNuntuknegeri #IndonesiaKita",1
Semoga makin membaik #vaksinasi #VaksinasiNasional #COVID19,1
"Setelah Semarang, Panglima TNI & Kapolri Lanjutkan Serbuan Vaksinasi ke Surabaya  via @holopiscom @TjahjantoHadi @Puspen_TNI @DivHumas_Polri #VaksinasiNasional #VaksinCOVID19 #holopiscom",1
"yakali gak vaksinasi, demi lo dan org sekitar lo juga, udah dikasih sentra vaksin BUMN biar gak ribet. #vaksinasinasional #BUMNuntuknegeri",1
Sinergi Indonesia Kuat #VaksinasiNasional #vaksinuntuksemuabangsa,1
"Sinergitas dari #PPKMMikro, #VaksinasiNasional dan disiplin #5M berhasil menekan penyebaran covid-19",1
Skang screening gejalan dan suhu.Quite fast maybe sbb tak ramai orang #VaksinasiNasional,1
"Soal efek samping vaksin AstraZeneca, pemerintah Indonesia masih menunggu informasi dari WHO sebelum memutuskan penggunaannya di Indonesia, begitu keterangan yang diberikan oleh Menkes Budi Sadikin. . @jokowi @KemenkesRI @KemenBUMN . #VaksinasiNasional",1
"Soal Vaksin, WHO apresiasi RI #VaksinUntukIndonesia #VaksinasiNasional",1
stop corona dari sekarang! patuhi prokes dukung program vaksin #VaksinasiNasional #TetapDirumahAja #Vaksinasi #mutasibaru #Waspada Jangan Mudik,1
Strategi komunikasi vaksinasi sebagai salah satu upaya dalam pencegahan COVID-19 #vaksin #VaksinasiNasional,1
sudah vaksin #vaksincovid19 #VaksinasiNasional @CokelatErnest,1
Sudah Vaksinasi Tetap lancarkan Prokes #VaksinasiNasional,1
Sukseskan #VaksinasiNasional,1
"Suntik 181,5 Juta Rakyat Indonesia Menkes Butuh Bantuan Swasta @KemenkesRI @BudiGSadikin #Vaksin #Vaksinasi #VaksinasiNasional #Nasional #SatgasCovid19 #Corona #coronavirus #COVID19 #COVID„Éº19 #COVID__19 #Covid_19 #COVID #RakyatMerdeka #RMid",1
"Supaya badan menerima vaksin yang baik, persiapan menjaga imun tubuh saat sebelum dan sesudah vaksinasi covid-19 ada baiknya dilakukan. @KemenkesRI @BPOM_RI #VaksinasiNasional #VaksinSuksesAkhiriPandemi",1
"Tahniah kepada batch pertama Program Vaksinasi AZ, terima kasih kerana cukup berani untuk memberi inspirasi kepada masyarakat. #VaksinasiNasional #AstraZeneca",1
Tak boleh ke eh bagi vaksin pada yg dah register dulu? Tak perlu la tunggu yg taknak daftar tu.. ntah bila dapat turn kalau camtu #VaksinasiNasional @MuhyiddinYassin @DrAdhamBaba @DGHisham,1
"Tak Ingin RI Alami Tsunami Covid seperti India, Diminta Agar Masyarakat selalu Disiplin Protokol Kesehatan. #VaksinasiNasional",1
"tekan kasus corona, BUMN bikin sentra vaksin keren sih. #vaksinasinasional #BUMNuntuknegeri",1
Tenaga Ahli Kominfo Donny Budi Utoyo mengatakan pihaknya berupaya memberantas penyebaranm hoaks terkait program vaksinasi Covid-19. Baca selengkapnya di  #Covid19 #Hoax #Kominfo #VaksinasiNasional,1
Terbukti aman tanpa mengandung bahan berbahaya #VaksinasiNasional,1
"Terimakasih pemerintah Indonesia, saya sudah divaksin COVID-19. @jokowi @KemenkesRI #VaksinCovid19 #Vaksinasi #VaksinasiNasional #Indonesia #indonesiamaju",1
"Timbulkan Kerumunan, GMNI Minta Pelaksanaan Vaksinasi Covid-19 Di Pandeglang Dievaluasi -  #pandeglang #VaksinasiNasional @kominfopdglng @GMNI",1
"TOKOH lintas agama diutamakan oleh Presiden RI Joko Widodo, agar aktifitasnya dalam rangka keagamaan bisa berjalan baik. #jokowi #VaksinasiNasional @jokowi",1
"Top News Koran Rakyat Merdeka Dukung Vaksin Terawan Ical Cs, Dengerin Kata BPOM Ya..! @DPR_RI @BPOM_RI #Vaksin #VaksinNusantara #terawan #Vaksinasi #VaksinasiNasional #DPR #BPOM #GovernmentAction #Corona #coronavirus #COVID19 #RakyatMerdeka #RMid",1
"Top News Koran Rakyat Merdeka Halal Haram Jangan Diributin Lagi Nih, Pengurus MUI Sudah Divaksin Pake AstraZeneca @Kiyai_MarufAmin #Vaksin #MUI #Vaksinasi #VaksinasiNasional #Corona #coronavirus #COVID19 #Covid_19 #COVID #RakyatMerdeka #RMid",1
"Top News Koran Rakyat Merdeka Temuan Komnas KIPI Tidak Ada Kematian Pasca Suntik Vaksinasi, Masyarakat Tenang Ya #Vaksin #vaksincovid19 #VaksinasiNasional #Corona #coronavirus #COVID19 #COVID„Éº19 #COVID__19 #Covid_19 #COVID #RakyatMerdeka #RMid",1
Top News Koran Rakyat Merdeka Vaksin Covid-19 Untuk Semua Warga Indonesia Penyandang Disabilitas Layak Dapat Kesetaraan Vaksinasi #Vaksinasi #Vaksin #VaksinasiNasional #Nasional #Corona #coronavirus #COVID19 #Covid_19 #COVID #RakyatMerdeka #RMid,1
"Tunggu Apa Lagi, Ayo Segera Vaksin!! #VaksinasiNasional",1
Udah siap disuntik ulang vaksin lagi ? #VaksinasiNasional,1
Vaksin dibutuhkan untuk membentuk antibodi agar tubuh bisa melawan virus yang masuk. #Vaksin #VaksinCorona #VaksinasiCovid19 #VaksinasiNasional #VaksinUntukSemua #antibodi #virus #lampostco,1
"vaksin itu bukan obat, melainkan membuat tubuh kita lebih kuat menghadapi covid19. mari kita dukung vaksinasi Tetap Waspada #VaksinasiNasional #TetapDirumahAja #Vaksinasi #mutasibaru #Waspada Jangan Mudik",1
Vaksin menyelamatkan keluarga anda #VaksinasiNasional,1
"vaksin sangat penting untuk melawan covid, cintai orang sekitar dengan dukung vaksin Tetap Waspada #VaksinasiNasional #TetapDirumahAja #Vaksinasi #mutasibaru #Waspada Jangan Mudik",1
Vaksin Sinovac terbukti efektif menurut para ahli di Australia #VaksinasiNasional #vaksinsuksesakhiripandemi #vaksindemipulihkannkri,1
"Vaksin sudah siap untuk rakyat Indonesia, mari kita awasi dan kita dukung program vaksinasi untuk indonesia sehat yah! #VaksinasiNasional #TetapDirumahAja #Vaksinasi #mutasibaru #Waspada Jangan Mudik",1
Vaksinasi Covid 19 untuk Masyarakat #VaksinasiNasional @jokowi @halimiskandarnu,1
Vaksinasi Covid Tidak Membatalkan Puasa #VaksinCovid19 #VaksinasiNasional,1
"Vaksinasi COVID-19 di NTT Tertunda, Dampak Bencana Siklon Tropis Seroja  via @holopiscom @KemenkesRI @BudiGSadikin #Vaksin #VaksinasiNasional #VaksinUntukIndonesia #holopiscom",1
"Vaksinasi Covid-19 Tokoh Agama di Jakarta Utara Ditargetkan Rampung Tiga Hari, Berikut Penjelasannya  #vaksinasicovid19 #VaksinCovid19 #VaksinasiNasional #vaksinuntukkita #vaksincovid #viruscorona #COVID19 #vaksinuntukrakyatindonesia #VaksinSinovac",1
"Vaksinasi covid-19, RNI targetkan produksi 100 juta jarum suntik #VaksinasiNasional",1
Vaksinasi dan protokol kesehatan 5M akan menekan angka penyebaran covid-19 #Covid19 #lawancovid19 #VaksinasiNasional,1
Vaksinasi Gotong Royong yang biayanya ditanggung perusahaan tanpa pemotongan gaji karyawan penerima vaksin. #COVID19Vaccine #coronavirus #VaksinasiNasional #VaksinGotongRoyongPekerja,1
Vaksinasi kedua ‚úÖ #VaksinasiNasional #COVID19,1
"vaksinasi merupakan bentuk kepedulian antara manusia, mrai kita dukung untuk mengurangi angka covid dinegara kita!Tetap Waspada #VaksinasiNasional #TetapDirumahAja #Vaksinasi #mutasibaru #Waspada Jangan Mudik",1
"Vaksinasi tembus 10juta, Indonesia masuk 4 besar #VaksinasiNasional #vaksinsuksesakhiripandemi #vaksindemipulihkannkri",1
Vaksinasi yang diberikan ke nakes terbukti menurunkan tingkat infeksi di berbagai provinsi #VaksinasiNasional,1
"Vaksinasinya Masih Jauh Dari Target, Ini 3 Tips Agar Imunitas Lansia Tetap Terjaga #Vaksin #Vaksinasi #VaksinasiNasional #Corona #coronavirus #COVID19 #COVID„Éº19 #COVID__19 #Covid_19 #COVID #RakyatMerdeka #RMid",1
wah keren nih BUMN bikin sentra vaksinasi di senayan. #vaksinasinasional #BUMNuntuknegeri,1
wah keren nih BUMN bikin sentra vaksinasi di senayan. #vaksinasinasional #BUMNuntuknegeri #IndonesiaKita,1
"Waspada Corona tipe B117! mari kita jaga kesehatan, dukung terus prokes dan dukung program vaksinTetap Waspada #VaksinasiNasional #TetapDirumahAja #Vaksinasi #mutasibaru #Waspada Jangan Mudik",1
"Waspada terhadap gejala Baru covid-19 ""Delirium"". #VaksinasiNasional",1
WHO Apresiasi pemerintah Indonesia dalam penanganan pandemi corona melalui #VaksinasiNasional.,1
WHO mengapresiasi kepemimpinan Indonesia dalam mendorong kesetaraan akses vaksin covid-19. #VaksinasiNasional,1
"yesshhh nyokap gue yg udah 63thn bisa di vaksin nih, thanks BUMN udah bikin sentra vaksin. #vaksinasinasional #BUMNuntuknegeri",1
Yuk buat kebal dari covid-19 dengan vaksinasi #CikeasPelindungRadikal #VaksinasiNasional RT @Mammank16: Ayo vaksin dan patuh selalu protokol kesehatan,1
Yuk sukseskan program vaksinasi nasional. #Vaksin #Vaksinasi #VaksinasiNasional #LawanCovid-19,1
